{
  "G": 0.1E+1,
  "N": 20,
  "paralelo": false,
  "gpu": false,
  "massas_iguais": false,
  "exibir": false,
  "sorteio": {
    "integrais": {
      "energia_total": -0.25E+0,
      "angular_total": [
        0.0E+0,
        0.0E+0,
        0.0E+0
      ],
      "linear_total": [
        0.0E+0,
        0.0E+0,
        0.0E+0
      ]
    },
    "massas": {
      "normalizadas": true,
      "intervalo": [
        0.1E+1,
        0.1E+1
      ],
      "distribuicao": "uniforme"
    },
    "posicoes": {
      "intervalo": [
        -0.1E+2,
        0.1E+2,
        0.5E+0
      ],
      "distribuicao": "uniforme",
      "regiao": "esfera"
    },
    "momentos": {
      "intervalo": [
        -0.1E+1,
        0.1E+1
      ],
      "distribuicao": "uniforme",
      "regiao": "cubo"
    }
  },
  "integracao": {
    "metodo": "ab5",
    "timestep": 0.1E-3,
    "amortecedor": 0.50000000000000003E-1,
    "t0": 0,
    "tf": 100,
    "checkpoints": 10
  },
  "colisoes": {
    "colidir": false,
    "metodo": "direto",
    "densidade": 0.29841551829730374E+4
  },
  "correcao": {
    "corrigir": false,
    "margem_erro": 0.1E-3,
    "max_num_tentativas": 1
  },
  "modo": "vi",
  "valores_iniciais": {
    "massas": [
      0.50000000000000003E-1,
      0.50000000000000003E-1,
      0.50000000000000003E-1,
      0.50000000000000003E-1,
      0.50000000000000003E-1,
      0.50000000000000003E-1,
      0.50000000000000003E-1,
      0.50000000000000003E-1,
      0.50000000000000003E-1,
      0.50000000000000003E-1,
      0.50000000000000003E-1,
      0.50000000000000003E-1,
      0.50000000000000003E-1,
      0.50000000000000003E-1,
      0.50000000000000003E-1,
      0.50000000000000003E-1,
      0.50000000000000003E-1,
      0.50000000000000003E-1,
      0.50000000000000003E-1,
      0.50000000000000003E-1
    ],
    "posicoes": [
      [
        -0.59624157241412334E+0,
        -0.48839941538595061E+0,
        0.65063670362291437E+0
      ],
      [
        -0.39763128824266808E+0,
        -0.11435186402264262E+0,
        -0.55185187557882676E+0
      ],
      [
        -0.1911956174628606E+0,
        -0.15399318383192437E+0,
        0.9593471123700521E+0
      ],
      [
        0.6240289675952615E+0,
        0.47292513302955341E+0,
        -0.42061035953402004E+0
      ],
      [
        -0.57235952498137843E+0,
        0.895075258746727E+0,
        0.14901847095092821E+0
      ],
      [
        -0.7399924937514922E-1,
        0.85536000331389506E+0,
        -0.989246329689982E-1
      ],
      [
        -0.77165669207448717E+0,
        0.41311553792288053E+0,
        0.91052062355761065E+0
      ],
      [
        -0.10353739888821807E+1,
        0.65667691257388039E+0,
        -0.35398756379847997E-1
      ],
      [
        0.72704889800595807E-1,
        0.43473057711255614E+0,
        -0.34691785131587199E+0
      ],
      [
        0.56343140783074586E+0,
        0.75907427545879716E-1,
        -0.50208355651274739E+0
      ],
      [
        0.13223721367575486E+0,
        -0.46074946544208856E+0,
        -0.79947050669439901E+0
      ],
      [
        0.72164273743950202E+0,
        -0.51699519598185317E+0,
        0.15671552344353173E+0
      ],
      [
        0.20175016935887569E+0,
        -0.1810372262930645E-1,
        0.53799657081158481E+0
      ],
      [
        0.39563530674025398E-1,
        -0.30722360375468227E+0,
        -0.77621226906498508E+0
      ],
      [
        -0.13917608667578618E+0,
        -0.39441832984509123E+0,
        -0.85535278904649126E+0
      ],
      [
        0.54138747078547067E+0,
        -0.51644199409402458E+0,
        0.59131072566871501E+0
      ],
      [
        0.28139288562776549E+0,
        -0.35429585611340625E+0,
        -0.62941624682173658E+0
      ],
      [
        0.55026032099804612E+0,
        -0.30330723785165764E+0,
        0.19929771770543461E+0
      ],
      [
        0.4444134094834728E+0,
        -0.28915427175939007E+0,
        0.68016366618907975E+0
      ],
      [
        -0.39517898316088207E+0,
        0.11364329046664548E+0,
        0.18123172959807307E+0
      ]
    ],
    "momentos": [
      [
        0.21480952270138496E-1,
        -0.31519337484263873E-2,
        0.17976206276117231E-1
      ],
      [
        0.13137179104143181E-1,
        -0.12897783158443065E-2,
        0.29422793311557466E-1
      ],
      [
        0.14009364517762184E-1,
        0.28496264026499435E-1,
        0.10024370242450585E-1
      ],
      [
        0.60517586204430719E-2,
        0.96067446519368105E-2,
        0.21036141839128119E-1
      ],
      [
        -0.26286271035450719E-1,
        -0.19407457778032731E-1,
        -0.2546549519016196E-1
      ],
      [
        0.33324309230852112E-1,
        0.20239477306982914E-1,
        -0.11893854909609246E-1
      ],
      [
        0.43590738800716863E-2,
        -0.35093009926600821E-2,
        -0.22624739361316874E-1
      ],
      [
        -0.31789561367823259E-1,
        -0.11414461846678594E-1,
        -0.23184598915544884E-1
      ],
      [
        0.98290745724496295E-2,
        0.11688267784439975E-1,
        -0.30256092552695381E-1
      ],
      [
        -0.11332702114002899E-2,
        0.38200036957170412E-1,
        0.28499909966463715E-1
      ],
      [
        -0.18793613890033919E-1,
        -0.19867749035377543E-2,
        0.26443784862220064E-1
      ],
      [
        -0.16989256047523531E-1,
        -0.11237581026328262E-1,
        -0.73849993764960173E-2
      ],
      [
        0.12509679315217815E-1,
        0.75775611701791763E-2,
        0.30126505298942376E-1
      ],
      [
        -0.25552250485955753E-1,
        0.25618647957572602E-1,
        0.17743692029116187E-1
      ],
      [
        -0.43656384354889693E-2,
        -0.18402983030512968E-1,
        -0.89021947038033615E-2
      ],
      [
        -0.31512400595727186E-1,
        -0.32722718797962271E-1,
        0.17112603407944999E-2
      ],
      [
        0.21171158021914813E-1,
        0.134364172492034E-1,
        -0.2740096557190658E-1
      ],
      [
        0.10667992133818218E-1,
        -0.22129008136999622E-1,
        -0.34428309677006032E-1
      ],
      [
        0.24079211324550959E-1,
        -0.34803048731471241E-1,
        0.31524858855600554E-2
      ],
      [
        -0.1419749092195848E-1,
        0.51916302044694388E-2,
        0.54041002061900297E-2
      ]
    ]
  }
}
